{
    "dom_h": 0.8410852713178294,
    "dom_s": 0.3467741935483871,
    "dom_v": 0.48627450980392156,
    "avg_intensity": 0.7070497274398804,
    "std_intensity": 0.19297082722187042,
    "center_intensity": 0.44819143414497375,
    "periphery_intensity": 0.4392140507698059,
    "center_periphery_ratio": 1.0204396543312613,
    "inferior_superior_ratio": 0.9994069337844849,
    "left_right_ratio": 1.0060876607894897,
    "diag1_difference": 0.0029747188091278076,
    "diag2_difference": -0.002446979284286499,
    "radial_symmetry": 0.008396506309509277
}