{
    "dom_h": 0.8333333333333334,
    "dom_s": 0.21052631578947367,
    "dom_v": 0.4470588235294118,
    "avg_intensity": 0.6662270426750183,
    "std_intensity": 0.2280590534210205,
    "center_intensity": 0.46879515051841736,
    "periphery_intensity": 0.4169031083583832,
    "center_periphery_ratio": 1.1244702692775947,
    "inferior_superior_ratio": 1.000135064125061,
    "left_right_ratio": 1.0087323188781738,
    "diag1_difference": 0.003700733184814453,
    "diag2_difference": -0.003819584846496582,
    "radial_symmetry": 0.011339932680130005
}