{
    "dom_h": 0.7241379310344828,
    "dom_s": 0.22656249999999997,
    "dom_v": 0.5019607843137255,
    "avg_intensity": 0.8164363503456116,
    "std_intensity": 0.18029068410396576,
    "center_intensity": 0.47540342807769775,
    "periphery_intensity": 0.4525245130062103,
    "center_periphery_ratio": 1.0505583994102292,
    "inferior_superior_ratio": 0.9929222464561462,
    "left_right_ratio": 1.016350507736206,
    "diag1_difference": 0.010851055383682251,
    "diag2_difference": -0.004243195056915283,
    "radial_symmetry": 0.02594524621963501
}