{
    "dom_h": 0.1125886524822695,
    "dom_s": 0.8430493273542602,
    "dom_v": 0.8745098039215686,
    "avg_intensity": 0.8159952163696289,
    "std_intensity": 0.17764751613140106,
    "center_intensity": 0.3722720146179199,
    "periphery_intensity": 0.48630625009536743,
    "center_periphery_ratio": 0.7655094182830577,
    "inferior_superior_ratio": 0.9523913264274597,
    "left_right_ratio": 1.0549715757369995,
    "diag1_difference": 0.04703590273857117,
    "diag2_difference": -0.002178102731704712,
    "radial_symmetry": 0.09624990820884705
}