{
    "dom_h": 0.12393162393162394,
    "dom_s": 0.8705357142857142,
    "dom_v": 0.8784313725490196,
    "avg_intensity": 0.8592671751976013,
    "std_intensity": 0.16071949899196625,
    "center_intensity": 0.4885414242744446,
    "periphery_intensity": 0.4872659742832184,
    "center_periphery_ratio": 1.0026175642432296,
    "inferior_superior_ratio": 0.973675012588501,
    "left_right_ratio": 1.0218966007232666,
    "diag1_difference": 0.023384511470794678,
    "diag2_difference": 0.0024251341819763184,
    "radial_symmetry": 0.04919418692588806
}