{
    "dom_h": 0.5512820512820512,
    "dom_s": 0.20472440944881895,
    "dom_v": 0.4980392156862745,
    "avg_intensity": 0.9356357455253601,
    "std_intensity": 0.14101627469062805,
    "center_intensity": 0.5619686245918274,
    "periphery_intensity": 0.48185282945632935,
    "center_periphery_ratio": 1.1662661091476667,
    "inferior_superior_ratio": 1.0363723039627075,
    "left_right_ratio": 0.954452633857727,
    "diag1_difference": -0.04083022475242615,
    "diag2_difference": 0.005396842956542969,
    "radial_symmetry": 0.08705738186836243
}