{
    "dom_h": 0.42228464419475653,
    "dom_s": 0.8018018018018017,
    "dom_v": 0.8705882352941177,
    "avg_intensity": 0.8997353911399841,
    "std_intensity": 0.14176489412784576,
    "center_intensity": 0.5137930512428284,
    "periphery_intensity": 0.4905617833137512,
    "center_periphery_ratio": 1.0473564568608456,
    "inferior_superior_ratio": 0.9918584823608398,
    "left_right_ratio": 1.0132297277450562,
    "diag1_difference": 0.010413974523544312,
    "diag2_difference": -0.0024290084838867188,
    "radial_symmetry": 0.02325686812400818
}