{
    "dom_h": 0.10481099656357389,
    "dom_s": 0.8778280542986426,
    "dom_v": 0.8666666666666667,
    "avg_intensity": 0.8251259326934814,
    "std_intensity": 0.16127890348434448,
    "center_intensity": 0.35166916251182556,
    "periphery_intensity": 0.4751630425453186,
    "center_periphery_ratio": 0.7401020934372967,
    "inferior_superior_ratio": 0.9406784176826477,
    "left_right_ratio": 1.0076361894607544,
    "diag1_difference": 0.03146502375602722,
    "diag2_difference": 0.024498969316482544,
    "radial_symmetry": 0.08742889761924744
}