{
    "dom_h": 0.7371794871794871,
    "dom_s": 0.20967741935483866,
    "dom_v": 0.48627450980392156,
    "avg_intensity": 0.8409769535064697,
    "std_intensity": 0.1980133056640625,
    "center_intensity": 0.4770718812942505,
    "periphery_intensity": 0.4524596035480499,
    "center_periphery_ratio": 1.0543966302255463,
    "inferior_superior_ratio": 1.0098040103912354,
    "left_right_ratio": 1.0043913125991821,
    "diag1_difference": -0.0024932026863098145,
    "diag2_difference": -0.0065603554248809814,
    "radial_symmetry": 0.01561400294303894
}