{
    "dom_h": 0.7371794871794871,
    "dom_s": 0.20967741935483866,
    "dom_v": 0.48627450980392156,
    "avg_intensity": 0.8409769535064697,
    "std_intensity": 0.1980132907629013,
    "center_intensity": 0.4770718812942505,
    "periphery_intensity": 0.45245957374572754,
    "center_periphery_ratio": 1.0543966996758798,
    "inferior_superior_ratio": 1.0098040103912354,
    "left_right_ratio": 1.0043911933898926,
    "diag1_difference": -0.0024931728839874268,
    "diag2_difference": -0.006560415029525757,
    "radial_symmetry": 0.01561400294303894
}