{
    "dom_h": 0.5733333333333333,
    "dom_s": 0.19841269841269848,
    "dom_v": 0.49411764705882355,
    "avg_intensity": 0.9348490834236145,
    "std_intensity": 0.1438227891921997,
    "center_intensity": 0.5559163689613342,
    "periphery_intensity": 0.47252294421195984,
    "center_periphery_ratio": 1.1764854506450517,
    "inferior_superior_ratio": 1.019045352935791,
    "left_right_ratio": 0.9995866417884827,
    "diag1_difference": -0.00949329137802124,
    "diag2_difference": -0.009088009595870972,
    "radial_symmetry": 0.0280744731426239
}