{
    "dom_h": 0.11343804537521814,
    "dom_s": 0.8526785714285714,
    "dom_v": 0.8784313725490196,
    "avg_intensity": 0.8511702418327332,
    "std_intensity": 0.16422688961029053,
    "center_intensity": 0.41255828738212585,
    "periphery_intensity": 0.4842810034751892,
    "center_periphery_ratio": 0.8518985556352968,
    "inferior_superior_ratio": 0.9583044052124023,
    "left_right_ratio": 0.9898317456245422,
    "diag1_difference": 0.01536133885383606,
    "diag2_difference": 0.02506127953529358,
    "radial_symmetry": 0.06548404693603516
}