{
    "dom_h": 0.11343804537521814,
    "dom_s": 0.8526785714285714,
    "dom_v": 0.8784313725490196,
    "avg_intensity": 0.8511701822280884,
    "std_intensity": 0.16422690451145172,
    "center_intensity": 0.4125582277774811,
    "periphery_intensity": 0.48428094387054443,
    "center_periphery_ratio": 0.851898537407171,
    "inferior_superior_ratio": 0.9583044648170471,
    "left_right_ratio": 0.9898317456245422,
    "diag1_difference": 0.015361279249191284,
    "diag2_difference": 0.025061368942260742,
    "radial_symmetry": 0.06548404693603516
}