{
    "dom_h": 0.632183908045977,
    "dom_s": 0.22480620155038758,
    "dom_v": 0.5058823529411764,
    "avg_intensity": 0.9108775854110718,
    "std_intensity": 0.15808157622814178,
    "center_intensity": 0.5077475905418396,
    "periphery_intensity": 0.46473202109336853,
    "center_periphery_ratio": 1.0925599431415742,
    "inferior_superior_ratio": 1.018006682395935,
    "left_right_ratio": 0.9808998107910156,
    "diag1_difference": -0.017670899629592896,
    "diag2_difference": 0.0006825029850006104,
    "radial_symmetry": 0.03602436184883118
}