{
    "dom_h": 0.576388888888889,
    "dom_s": 0.1935483870967742,
    "dom_v": 0.48627450980392156,
    "avg_intensity": 0.8736079335212708,
    "std_intensity": 0.15889202058315277,
    "center_intensity": 0.48936787247657776,
    "periphery_intensity": 0.4719834625720978,
    "center_periphery_ratio": 1.0368326674196227,
    "inferior_superior_ratio": 0.9730842113494873,
    "left_right_ratio": 0.9874498248100281,
    "diag1_difference": 0.006996423006057739,
    "diag2_difference": 0.019053995609283447,
    "radial_symmetry": 0.045104533433914185
}