{
    "dom_h": 0.1206896551724138,
    "dom_s": 0.9022222222222221,
    "dom_v": 0.8823529411764706,
    "avg_intensity": 0.835882842540741,
    "std_intensity": 0.16563160717487335,
    "center_intensity": 0.36741527915000916,
    "periphery_intensity": 0.4727214574813843,
    "center_periphery_ratio": 0.7772341901033294,
    "inferior_superior_ratio": 0.9620130658149719,
    "left_right_ratio": 0.9798721075057983,
    "diag1_difference": 0.008523136377334595,
    "diag2_difference": 0.027367740869522095,
    "radial_symmetry": 0.06325870752334595
}