{
    "dom_h": 0.07908163265306123,
    "dom_s": 0.8990825688073394,
    "dom_v": 0.8549019607843137,
    "avg_intensity": 0.8105744123458862,
    "std_intensity": 0.1412992775440216,
    "center_intensity": 0.37276896834373474,
    "periphery_intensity": 0.4574161469936371,
    "center_periphery_ratio": 0.8149449266138831,
    "inferior_superior_ratio": 0.927504301071167,
    "left_right_ratio": 0.9786521792411804,
    "diag1_difference": 0.023558050394058228,
    "diag2_difference": 0.042508214712142944,
    "radial_symmetry": 0.10857445001602173
}