{
    "dom_h": 0.1206896551724138,
    "dom_s": 0.9022222222222221,
    "dom_v": 0.8823529411764706,
    "avg_intensity": 0.835882842540741,
    "std_intensity": 0.16563162207603455,
    "center_intensity": 0.3674152195453644,
    "periphery_intensity": 0.4727213978767395,
    "center_periphery_ratio": 0.7772341620151636,
    "inferior_superior_ratio": 0.9620129466056824,
    "left_right_ratio": 0.9798722267150879,
    "diag1_difference": 0.008523017168045044,
    "diag2_difference": 0.027367860078811646,
    "radial_symmetry": 0.06325870752334595
}