{
    "dom_h": 0.09635416666666664,
    "dom_s": 0.8727272727272727,
    "dom_v": 0.8627450980392157,
    "avg_intensity": 0.8271255493164062,
    "std_intensity": 0.15599116683006287,
    "center_intensity": 0.3557969331741333,
    "periphery_intensity": 0.47623977065086365,
    "center_periphery_ratio": 0.7470962214849791,
    "inferior_superior_ratio": 0.9354826211929321,
    "left_right_ratio": 0.9843348264694214,
    "diag1_difference": 0.02328506112098694,
    "diag2_difference": 0.03773486614227295,
    "radial_symmetry": 0.09875482320785522
}