{
    "dom_h": 0.6666666666666666,
    "dom_s": 0.19685039370078736,
    "dom_v": 0.4980392156862745,
    "avg_intensity": 0.8530340790748596,
    "std_intensity": 0.20178177952766418,
    "center_intensity": 0.5426343679428101,
    "periphery_intensity": 0.44935449957847595,
    "center_periphery_ratio": 1.207586367671486,
    "inferior_superior_ratio": 1.0275555849075317,
    "left_right_ratio": 1.0104037523269653,
    "diag1_difference": -0.007845103740692139,
    "diag2_difference": -0.017495274543762207,
    "radial_symmetry": 0.04283565282821655
}