{
    "dom_h": 0.8101851851851852,
    "dom_s": 0.2926829268292683,
    "dom_v": 0.4823529411764706,
    "avg_intensity": 0.7481819987297058,
    "std_intensity": 0.20120830833911896,
    "center_intensity": 0.471644788980484,
    "periphery_intensity": 0.44256994128227234,
    "center_periphery_ratio": 1.0656954867155508,
    "inferior_superior_ratio": 1.0082054138183594,
    "left_right_ratio": 1.0094056129455566,
    "diag1_difference": 0.0005363225936889648,
    "diag2_difference": -0.007907480001449585,
    "radial_symmetry": 0.01635119318962097
}