{
    "dom_h": 0.8232323232323232,
    "dom_s": 0.2727272727272727,
    "dom_v": 0.4745098039215686,
    "avg_intensity": 0.7568038702011108,
    "std_intensity": 0.2036667764186859,
    "center_intensity": 0.48839741945266724,
    "periphery_intensity": 0.4403302073478699,
    "center_periphery_ratio": 1.1091617411267525,
    "inferior_superior_ratio": 1.0164834260940552,
    "left_right_ratio": 0.9974870085716248,
    "diag1_difference": -0.008541464805603027,
    "diag2_difference": -0.006265103816986084,
    "radial_symmetry": 0.023348063230514526
}