{
    "dom_h": 0.8232323232323232,
    "dom_s": 0.2727272727272727,
    "dom_v": 0.4745098039215686,
    "avg_intensity": 0.7568039298057556,
    "std_intensity": 0.2036667764186859,
    "center_intensity": 0.48839741945266724,
    "periphery_intensity": 0.4403301775455475,
    "center_periphery_ratio": 1.1091618161967736,
    "inferior_superior_ratio": 1.0164835453033447,
    "left_right_ratio": 0.9974870085716248,
    "diag1_difference": -0.008541524410247803,
    "diag2_difference": -0.006265163421630859,
    "radial_symmetry": 0.023348242044448853
}