{
    "dom_h": 0.14096573208722743,
    "dom_s": 0.9344978165938864,
    "dom_v": 0.8980392156862745,
    "avg_intensity": 0.8880428075790405,
    "std_intensity": 0.15469831228256226,
    "center_intensity": 0.3941713571548462,
    "periphery_intensity": 0.4879149794578552,
    "center_periphery_ratio": 0.80786893977477,
    "inferior_superior_ratio": 0.9661309123039246,
    "left_right_ratio": 0.9992595911026001,
    "diag1_difference": 0.01634576916694641,
    "diag2_difference": 0.017061859369277954,
    "radial_symmetry": 0.050469398498535156
}