{
    "dom_h": 0.7530864197530865,
    "dom_s": 0.217741935483871,
    "dom_v": 0.48627450980392156,
    "avg_intensity": 0.8396151661872864,
    "std_intensity": 0.1938752681016922,
    "center_intensity": 0.5149304270744324,
    "periphery_intensity": 0.4525654911994934,
    "center_periphery_ratio": 1.1378031181954351,
    "inferior_superior_ratio": 1.0062013864517212,
    "left_right_ratio": 0.9901723265647888,
    "diag1_difference": -0.0074381232261657715,
    "diag2_difference": 0.001708984375,
    "radial_symmetry": 0.01658529043197632
}