{
    "dom_h": 0.11199294532627864,
    "dom_s": 0.8513513513513514,
    "dom_v": 0.8705882352941177,
    "avg_intensity": 0.8418388366699219,
    "std_intensity": 0.16629882156848907,
    "center_intensity": 0.396395206451416,
    "periphery_intensity": 0.4871096909046173,
    "center_periphery_ratio": 0.8137699040954527,
    "inferior_superior_ratio": 0.9145017862319946,
    "left_right_ratio": 1.0537519454956055,
    "diag1_difference": 0.0666394829750061,
    "diag2_difference": 0.017389744520187378,
    "radial_symmetry": 0.1506686806678772
}