{
    "dom_h": 0.09700176366843034,
    "dom_s": 0.8590909090909091,
    "dom_v": 0.8627450980392157,
    "avg_intensity": 0.829444944858551,
    "std_intensity": 0.16615431010723114,
    "center_intensity": 0.36260318756103516,
    "periphery_intensity": 0.4776622951030731,
    "center_periphery_ratio": 0.7591203896108029,
    "inferior_superior_ratio": 0.9195342063903809,
    "left_right_ratio": 1.0323894023895264,
    "diag1_difference": 0.05283743143081665,
    "diag2_difference": 0.023726969957351685,
    "radial_symmetry": 0.12940183281898499
}