{
    "dom_h": 0.09700176366843034,
    "dom_s": 0.8590909090909091,
    "dom_v": 0.8627450980392157,
    "avg_intensity": 0.8294450044631958,
    "std_intensity": 0.16615432500839233,
    "center_intensity": 0.36260318756103516,
    "periphery_intensity": 0.47766220569610596,
    "center_periphery_ratio": 0.759120531700026,
    "inferior_superior_ratio": 0.9195342659950256,
    "left_right_ratio": 1.032389521598816,
    "diag1_difference": 0.05283746123313904,
    "diag2_difference": 0.023726940155029297,
    "radial_symmetry": 0.12940186262130737
}