{
    "dom_h": 0.8026315789473685,
    "dom_s": 0.30645161290322576,
    "dom_v": 0.48627450980392156,
    "avg_intensity": 0.7611725330352783,
    "std_intensity": 0.20522667467594147,
    "center_intensity": 0.4635653793811798,
    "periphery_intensity": 0.44516998529434204,
    "center_periphery_ratio": 1.0413221796044378,
    "inferior_superior_ratio": 0.9824639558792114,
    "left_right_ratio": 1.0041565895080566,
    "diag1_difference": 0.009860306978225708,
    "diag2_difference": 0.006112635135650635,
    "radial_symmetry": 0.02583324909210205
}