{
    "dom_h": 0.736111111111111,
    "dom_s": 0.19672131147540983,
    "dom_v": 0.47843137254901963,
    "avg_intensity": 0.7623422145843506,
    "std_intensity": 0.23697607219219208,
    "center_intensity": 0.5283516049385071,
    "periphery_intensity": 0.42818933725357056,
    "center_periphery_ratio": 1.2339205089210832,
    "inferior_superior_ratio": 1.0042686462402344,
    "left_right_ratio": 0.9870719909667969,
    "diag1_difference": -0.007765710353851318,
    "diag2_difference": 0.00393328070640564,
    "radial_symmetry": 0.0194646418094635
}