{
    "dom_h": 0.6666666666666666,
    "dom_s": 0.12295081967213117,
    "dom_v": 0.47843137254901963,
    "avg_intensity": 0.8476048707962036,
    "std_intensity": 0.16924583911895752,
    "center_intensity": 0.4760083258152008,
    "periphery_intensity": 0.45948851108551025,
    "center_periphery_ratio": 1.0359526175979104,
    "inferior_superior_ratio": 1.0239322185516357,
    "left_right_ratio": 1.0199236869812012,
    "diag1_difference": -0.0018389523029327393,
    "diag2_difference": -0.02034050226211548,
    "radial_symmetry": 0.042519956827163696
}