{
    "dom_h": 0.8026315789473685,
    "dom_s": 0.30645161290322576,
    "dom_v": 0.48627450980392156,
    "avg_intensity": 0.7611725330352783,
    "std_intensity": 0.20522667467594147,
    "center_intensity": 0.4635653793811798,
    "periphery_intensity": 0.44516995549201965,
    "center_periphery_ratio": 1.041322249316733,
    "inferior_superior_ratio": 0.9824639558792114,
    "left_right_ratio": 1.0041565895080566,
    "diag1_difference": 0.009860426187515259,
    "diag2_difference": 0.0061127543449401855,
    "radial_symmetry": 0.025833487510681152
}