{
    "dom_h": 0.2571001494768311,
    "dom_s": 0.9330543933054394,
    "dom_v": 0.9372549019607843,
    "avg_intensity": 0.9078392386436462,
    "std_intensity": 0.17134372889995575,
    "center_intensity": 0.569532573223114,
    "periphery_intensity": 0.4671578109264374,
    "center_periphery_ratio": 1.2191438522533822,
    "inferior_superior_ratio": 0.9308066368103027,
    "left_right_ratio": 1.0133955478668213,
    "diag1_difference": 0.04128372669219971,
    "diag2_difference": 0.02835288643836975,
    "radial_symmetry": 0.11092036962509155
}