{
    "dom_h": 0.6746031746031745,
    "dom_s": 0.3043478260869565,
    "dom_v": 0.5411764705882353,
    "avg_intensity": 0.7928754687309265,
    "std_intensity": 0.17843449115753174,
    "center_intensity": 0.4631219208240509,
    "periphery_intensity": 0.4317319989204407,
    "center_periphery_ratio": 1.072706961684799,
    "inferior_superior_ratio": 1.0075522661209106,
    "left_right_ratio": 1.0045007467269897,
    "diag1_difference": -0.0013704895973205566,
    "diag2_difference": -0.005430668592453003,
    "radial_symmetry": 0.012231767177581787
}