{
    "dom_h": 0.1443001443001443,
    "dom_s": 0.9314516129032259,
    "dom_v": 0.9725490196078431,
    "avg_intensity": 0.9540109038352966,
    "std_intensity": 0.11782195419073105,
    "center_intensity": 0.6133744716644287,
    "periphery_intensity": 0.5045069456100464,
    "center_periphery_ratio": 1.2157899450179828,
    "inferior_superior_ratio": 1.0358384847640991,
    "left_right_ratio": 0.9825606346130371,
    "diag1_difference": -0.027370572090148926,
    "diag2_difference": -0.00913327932357788,
    "radial_symmetry": 0.06387448310852051
}