{
    "dom_h": 0.12518195050946143,
    "dom_s": 0.9308943089430894,
    "dom_v": 0.9647058823529412,
    "avg_intensity": 0.8743131160736084,
    "std_intensity": 0.199931800365448,
    "center_intensity": 0.5581845045089722,
    "periphery_intensity": 0.452754408121109,
    "center_periphery_ratio": 1.2328637656459023,
    "inferior_superior_ratio": 0.9931384921073914,
    "left_right_ratio": 0.955249011516571,
    "diag1_difference": -0.018924474716186523,
    "diag2_difference": 0.025623083114624023,
    "radial_symmetry": 0.07017070055007935
}