{
    "dom_h": 0.7592592592592592,
    "dom_s": 0.33088235294117646,
    "dom_v": 0.5333333333333333,
    "avg_intensity": 0.8036865592002869,
    "std_intensity": 0.17404934763908386,
    "center_intensity": 0.5347614884376526,
    "periphery_intensity": 0.4725865423679352,
    "center_periphery_ratio": 1.1315630905573073,
    "inferior_superior_ratio": 1.02459716796875,
    "left_right_ratio": 0.9844199419021606,
    "diag1_difference": -0.018792927265167236,
    "diag2_difference": -0.004040569067001343,
    "radial_symmetry": 0.04162648320198059
}