{
    "dom_h": 0.17467948717948723,
    "dom_s": 0.8489795918367347,
    "dom_v": 0.9607843137254902,
    "avg_intensity": 0.9135940670967102,
    "std_intensity": 0.17735378444194794,
    "center_intensity": 0.6194365620613098,
    "periphery_intensity": 0.4708392024040222,
    "center_periphery_ratio": 1.3156010776047866,
    "inferior_superior_ratio": 1.0240193605422974,
    "left_right_ratio": 0.9349524974822998,
    "diag1_difference": -0.0458354651927948,
    "diag2_difference": 0.02191588282585144,
    "radial_symmetry": 0.11358675360679626
}