{
    "dom_h": 0.14387464387464388,
    "dom_s": 0.9397590361445783,
    "dom_v": 0.9764705882352941,
    "avg_intensity": 0.9521422386169434,
    "std_intensity": 0.11517851799726486,
    "center_intensity": 0.5065466165542603,
    "periphery_intensity": 0.5084086656570435,
    "center_periphery_ratio": 0.9963374953485956,
    "inferior_superior_ratio": 1.0121463537216187,
    "left_right_ratio": 0.9928131699562073,
    "diag1_difference": -0.009890377521514893,
    "diag2_difference": -0.002494513988494873,
    "radial_symmetry": 0.022275269031524658
}