{
    "dom_h": 0.6174242424242425,
    "dom_s": 0.3283582089552239,
    "dom_v": 0.5254901960784314,
    "avg_intensity": 0.8412704467773438,
    "std_intensity": 0.17628604173660278,
    "center_intensity": 0.45310458540916443,
    "periphery_intensity": 0.4264015555381775,
    "center_periphery_ratio": 1.0626241380317762,
    "inferior_superior_ratio": 1.016811728477478,
    "left_right_ratio": 0.9750334024429321,
    "diag1_difference": -0.01899060606956482,
    "diag2_difference": 0.0038956105709075928,
    "radial_symmetry": 0.04187673330307007
}