{
    "dom_h": 0.12695035460992907,
    "dom_s": 0.9475806451612903,
    "dom_v": 0.9725490196078431,
    "avg_intensity": 0.949975848197937,
    "std_intensity": 0.11958178132772446,
    "center_intensity": 0.5190586447715759,
    "periphery_intensity": 0.49321937561035156,
    "center_periphery_ratio": 1.0523889985652908,
    "inferior_superior_ratio": 1.0052213668823242,
    "left_right_ratio": 0.9962596893310547,
    "diag1_difference": -0.004515886306762695,
    "diag2_difference": -0.0007384419441223145,
    "radial_symmetry": 0.009770214557647705
}