{
    "dom_h": 0.44069069069069067,
    "dom_s": 0.956896551724138,
    "dom_v": 0.9098039215686274,
    "avg_intensity": 0.9408051371574402,
    "std_intensity": 0.11648992449045181,
    "center_intensity": 0.38328081369400024,
    "periphery_intensity": 0.5132412910461426,
    "center_periphery_ratio": 0.7467848366462426,
    "inferior_superior_ratio": 0.9993382096290588,
    "left_right_ratio": 0.967498779296875,
    "diag1_difference": -0.01630118489265442,
    "diag2_difference": 0.016965657472610474,
    "radial_symmetry": 0.05023261904716492
}