{
    "dom_h": 0.6016260162601625,
    "dom_s": 0.3059701492537314,
    "dom_v": 0.5254901960784314,
    "avg_intensity": 0.8801062703132629,
    "std_intensity": 0.1488981992006302,
    "center_intensity": 0.5764398574829102,
    "periphery_intensity": 0.4501335024833679,
    "center_periphery_ratio": 1.2805975434014916,
    "inferior_superior_ratio": 1.0266554355621338,
    "left_right_ratio": 0.9784960746765137,
    "diag1_difference": -0.022608041763305664,
    "diag2_difference": -0.0021512210369110107,
    "radial_symmetry": 0.04736718535423279
}