{
    "dom_h": 0.16352201257861634,
    "dom_s": 0.8907563025210085,
    "dom_v": 0.9333333333333333,
    "avg_intensity": 0.9163463115692139,
    "std_intensity": 0.17910541594028473,
    "center_intensity": 0.5826171636581421,
    "periphery_intensity": 0.5140998959541321,
    "center_periphery_ratio": 1.133276175006507,
    "inferior_superior_ratio": 1.0076974630355835,
    "left_right_ratio": 0.9956419467926025,
    "diag1_difference": -0.00632929801940918,
    "diag2_difference": -0.0017375946044921875,
    "radial_symmetry": 0.014396309852600098
}