{
    "dom_h": 0.1306497175141243,
    "dom_s": 0.9477911646586344,
    "dom_v": 0.9764705882352941,
    "avg_intensity": 0.9487552642822266,
    "std_intensity": 0.11718983203172684,
    "center_intensity": 0.459278404712677,
    "periphery_intensity": 0.4979211688041687,
    "center_periphery_ratio": 0.9223918031356289,
    "inferior_superior_ratio": 1.0038477182388306,
    "left_right_ratio": 0.9633312225341797,
    "diag1_difference": -0.020767509937286377,
    "diag2_difference": 0.016893386840820312,
    "radial_symmetry": 0.058428436517715454
}