{
    "dom_h": 0.14285714285714288,
    "dom_s": 0.9314516129032259,
    "dom_v": 0.9725490196078431,
    "avg_intensity": 0.948882520198822,
    "std_intensity": 0.12499234080314636,
    "center_intensity": 0.6058538556098938,
    "periphery_intensity": 0.5006492733955383,
    "center_periphery_ratio": 1.2101362926202401,
    "inferior_superior_ratio": 1.0445289611816406,
    "left_right_ratio": 0.9836877584457397,
    "diag1_difference": -0.030991554260253906,
    "diag2_difference": -0.014005124568939209,
    "radial_symmetry": 0.07598823308944702
}