{
    "dom_h": 0.14285714285714288,
    "dom_s": 0.9314516129032259,
    "dom_v": 0.9725490196078431,
    "avg_intensity": 0.9488824605941772,
    "std_intensity": 0.12499234080314636,
    "center_intensity": 0.6058538556098938,
    "periphery_intensity": 0.5006493330001831,
    "center_periphery_ratio": 1.2101361485478543,
    "inferior_superior_ratio": 1.0445290803909302,
    "left_right_ratio": 0.9836876392364502,
    "diag1_difference": -0.030991554260253906,
    "diag2_difference": -0.014005005359649658,
    "radial_symmetry": 0.07598823308944702
}