{
    "dom_h": 0.463235294117647,
    "dom_s": 0.918918918918919,
    "dom_v": 0.8705882352941177,
    "avg_intensity": 0.8630675077438354,
    "std_intensity": 0.16584165394306183,
    "center_intensity": 0.4298402667045593,
    "periphery_intensity": 0.5094165802001953,
    "center_periphery_ratio": 0.843789313916003,
    "inferior_superior_ratio": 0.9386852383613586,
    "left_right_ratio": 1.0003931522369385,
    "diag1_difference": 0.031209290027618408,
    "diag2_difference": 0.03082183003425598,
    "radial_symmetry": 0.0932404100894928
}