{
    "dom_h": 0.12318840579710144,
    "dom_s": 0.9311740890688259,
    "dom_v": 0.9686274509803922,
    "avg_intensity": 0.8908752202987671,
    "std_intensity": 0.18190887570381165,
    "center_intensity": 0.549879789352417,
    "periphery_intensity": 0.46651986241340637,
    "center_periphery_ratio": 1.1786846255757943,
    "inferior_superior_ratio": 1.011675477027893,
    "left_right_ratio": 0.9778869152069092,
    "diag1_difference": -0.016447484493255615,
    "diag2_difference": 0.0052044689655303955,
    "radial_symmetry": 0.03809952735900879
}