{
    "dom_h": 0.16910569105691056,
    "dom_s": 0.8541666666666667,
    "dom_v": 0.9411764705882353,
    "avg_intensity": 0.910123884677887,
    "std_intensity": 0.1743810921907425,
    "center_intensity": 0.585528552532196,
    "periphery_intensity": 0.48183152079582214,
    "center_periphery_ratio": 1.215214296410292,
    "inferior_superior_ratio": 1.018454909324646,
    "left_right_ratio": 0.9615779519081116,
    "diag1_difference": -0.028814882040023804,
    "diag2_difference": 0.01047283411026001,
    "radial_symmetry": 0.06810244917869568
}