{
    "dom_h": 0.625,
    "dom_s": 0.16129032258064516,
    "dom_v": 0.48627450980392156,
    "avg_intensity": 0.9197374582290649,
    "std_intensity": 0.15761227905750275,
    "center_intensity": 0.5772824287414551,
    "periphery_intensity": 0.4605964124202728,
    "center_periphery_ratio": 1.2533367893771428,
    "inferior_superior_ratio": 0.9875504970550537,
    "left_right_ratio": 0.9724720120429993,
    "diag1_difference": -0.007468581199645996,
    "diag2_difference": 0.01962965726852417,
    "radial_symmetry": 0.046727895736694336
}