{
    "dom_h": 0.13695652173913045,
    "dom_s": 0.9274193548387097,
    "dom_v": 0.9725490196078431,
    "avg_intensity": 0.9451901316642761,
    "std_intensity": 0.1329634189605713,
    "center_intensity": 0.6170101761817932,
    "periphery_intensity": 0.491220623254776,
    "center_periphery_ratio": 1.256075471940793,
    "inferior_superior_ratio": 1.0190668106079102,
    "left_right_ratio": 0.9994840025901794,
    "diag1_difference": -0.009922385215759277,
    "diag2_difference": -0.009396374225616455,
    "radial_symmetry": 0.029241085052490234
}