{
    "dom_h": 0.608108108108108,
    "dom_s": 0.28244274809160297,
    "dom_v": 0.5137254901960784,
    "avg_intensity": 0.8581507205963135,
    "std_intensity": 0.17139793932437897,
    "center_intensity": 0.5309451818466187,
    "periphery_intensity": 0.443535715341568,
    "center_periphery_ratio": 1.1970742456168078,
    "inferior_superior_ratio": 1.0329355001449585,
    "left_right_ratio": 1.0667401552200317,
    "diag1_difference": 0.014932185411453247,
    "diag2_difference": -0.04500177502632141,
    "radial_symmetry": 0.10493573546409607
}